{
  "__type__": "cc.SpriteFrame",
  "content": {
    "name": "CopCarBlue",
    "atlas": "",
    "rect": {
      "x": 94,
      "y": 94,
      "width": 324,
      "height": 325
    },
    "offset": {
      "x": 0,
      "y": -0.5
    },
    "originalSize": {
      "width": 512,
      "height": 512
    },
    "rotated": false,
    "capInsets": [
      0,
      0,
      0,
      0
    ],
    "vertices": {
      "rawPosition": [
        -162,
        -162.5,
        0,
        162,
        -162.5,
        0,
        -162,
        162.5,
        0,
        162,
        162.5,
        0
      ],
      "indexes": [
        0,
        1,
        2,
        2,
        1,
        3
      ],
      "uv": [
        94,
        418,
        418,
        418,
        94,
        93,
        418,
        93
      ],
      "nuv": [
        0.18359375,
        0.181640625,
        0.81640625,
        0.181640625,
        0.18359375,
        0.81640625,
        0.81640625,
        0.81640625
      ],
      "minPos": {
        "x": -162,
        "y": -162.5,
        "z": 0
      },
      "maxPos": {
        "x": 162,
        "y": 162.5,
        "z": 0
      }
    },
    "texture": "c9a89b18-3da3-4303-975e-d89708dafc03@6c48a",
    "packable": true,
    "pixelsToUnit": 100,
    "pivot": {
      "x": 0.5,
      "y": 0.5
    },
    "meshType": 0
  }
}