{
  "__type__": "cc.SpriteFrame",
  "content": {
    "name": "hand",
    "atlas": "",
    "rect": {
      "x": 29,
      "y": 17,
      "width": 246,
      "height": 268
    },
    "offset": {
      "x": 2,
      "y": -1
    },
    "originalSize": {
      "width": 300,
      "height": 300
    },
    "rotated": false,
    "capInsets": [
      0,
      0,
      0,
      0
    ],
    "vertices": {
      "rawPosition": [
        -123,
        -134,
        0,
        123,
        -134,
        0,
        -123,
        134,
        0,
        123,
        134,
        0
      ],
      "indexes": [
        0,
        1,
        2,
        2,
        1,
        3
      ],
      "uv": [
        29,
        283,
        275,
        283,
        29,
        15,
        275,
        15
      ],
      "nuv": [
        0.09666666666666666,
        0.05,
        0.9166666666666666,
        0.05,
        0.09666666666666666,
        0.9433333333333334,
        0.9166666666666666,
        0.9433333333333334
      ],
      "minPos": {
        "x": -123,
        "y": -134,
        "z": 0
      },
      "maxPos": {
        "x": 123,
        "y": 134,
        "z": 0
      }
    },
    "texture": "59d5ba01-1d17-4482-98fe-db478da8bb06@6c48a",
    "packable": true,
    "pixelsToUnit": 100,
    "pivot": {
      "x": 0.5,
      "y": 0.5
    },
    "meshType": 0
  }
}