{
  "__type__": "cc.SpriteFrame",
  "content": {
    "name": "cloud_2x2_hardshadow",
    "atlas": "",
    "rect": {
      "x": 40,
      "y": 34,
      "width": 419,
      "height": 423
    },
    "offset": {
      "x": -6.5,
      "y": 10.5
    },
    "originalSize": {
      "width": 512,
      "height": 512
    },
    "rotated": false,
    "capInsets": [
      0,
      0,
      0,
      0
    ],
    "vertices": {
      "rawPosition": [
        -209.5,
        -211.5,
        0,
        209.5,
        -211.5,
        0,
        -209.5,
        211.5,
        0,
        209.5,
        211.5,
        0
      ],
      "indexes": [
        0,
        1,
        2,
        2,
        1,
        3
      ],
      "uv": [
        40,
        478,
        459,
        478,
        40,
        55,
        459,
        55
      ],
      "nuv": [
        0.078125,
        0.107421875,
        0.896484375,
        0.107421875,
        0.078125,
        0.93359375,
        0.896484375,
        0.93359375
      ],
      "minPos": {
        "x": -209.5,
        "y": -211.5,
        "z": 0
      },
      "maxPos": {
        "x": 209.5,
        "y": 211.5,
        "z": 0
      }
    },
    "texture": "45953b01-f32e-41b6-a38e-eb99485a1a0b@6c48a",
    "packable": true,
    "pixelsToUnit": 100,
    "pivot": {
      "x": 0.5,
      "y": 0.5
    },
    "meshType": 0
  }
}