{
  "__type__": "cc.SpriteFrame",
  "content": {
    "name": "rect",
    "atlas": "",
    "rect": {
      "x": 36,
      "y": 7,
      "width": 227,
      "height": 90
    },
    "offset": {
      "x": -0.5,
      "y": -2
    },
    "originalSize": {
      "width": 300,
      "height": 100
    },
    "rotated": false,
    "capInsets": [
      0,
      0,
      0,
      0
    ],
    "vertices": {
      "rawPosition": [
        -113.5,
        -45,
        0,
        113.5,
        -45,
        0,
        -113.5,
        45,
        0,
        113.5,
        45,
        0
      ],
      "indexes": [
        0,
        1,
        2,
        2,
        1,
        3
      ],
      "uv": [
        36,
        93,
        263,
        93,
        36,
        3,
        263,
        3
      ],
      "nuv": [
        0.12,
        0.03,
        0.8766666666666667,
        0.03,
        0.12,
        0.93,
        0.8766666666666667,
        0.93
      ],
      "minPos": {
        "x": -113.5,
        "y": -45,
        "z": 0
      },
      "maxPos": {
        "x": 113.5,
        "y": 45,
        "z": 0
      }
    },
    "texture": "1558f3fa-b53d-487c-907e-bc97bdf78184@6c48a",
    "packable": true,
    "pixelsToUnit": 100,
    "pivot": {
      "x": 0.5,
      "y": 0.5
    },
    "meshType": 0
  }
}