{
  "__type__": "cc.SpriteFrame",
  "content": {
    "name": "tree",
    "atlas": "",
    "rect": {
      "x": 13,
      "y": 28,
      "width": 178,
      "height": 322
    },
    "offset": {
      "x": 6.5,
      "y": -14
    },
    "originalSize": {
      "width": 191,
      "height": 350
    },
    "rotated": false,
    "capInsets": [
      0,
      0,
      0,
      0
    ],
    "vertices": {
      "rawPosition": [
        -89,
        -161,
        0,
        89,
        -161,
        0,
        -89,
        161,
        0,
        89,
        161,
        0
      ],
      "indexes": [
        0,
        1,
        2,
        2,
        1,
        3
      ],
      "uv": [
        13,
        322,
        191,
        322,
        13,
        0,
        191,
        0
      ],
      "nuv": [
        0.06806282722513089,
        0,
        1,
        0,
        0.06806282722513089,
        0.92,
        1,
        0.92
      ],
      "minPos": {
        "x": -89,
        "y": -161,
        "z": 0
      },
      "maxPos": {
        "x": 89,
        "y": 161,
        "z": 0
      }
    },
    "texture": "11a1b886-a067-41bb-a274-0e1646360215@6c48a",
    "packable": true,
    "pixelsToUnit": 100,
    "pivot": {
      "x": 0.5,
      "y": 0.5
    },
    "meshType": 0
  }
}