{
  "__type__": "cc.SpriteFrame",
  "content": {
    "name": "CopCarRedHead",
    "atlas": "",
    "rect": {
      "x": 94,
      "y": 94,
      "width": 324,
      "height": 324
    },
    "offset": {
      "x": 0,
      "y": 0
    },
    "originalSize": {
      "width": 512,
      "height": 512
    },
    "rotated": false,
    "capInsets": [
      0,
      0,
      0,
      0
    ],
    "vertices": {
      "rawPosition": [
        -162,
        -162,
        0,
        162,
        -162,
        0,
        -162,
        162,
        0,
        162,
        162,
        0
      ],
      "indexes": [
        0,
        1,
        2,
        2,
        1,
        3
      ],
      "uv": [
        94,
        418,
        418,
        418,
        94,
        94,
        418,
        94
      ],
      "nuv": [
        0.18359375,
        0.18359375,
        0.81640625,
        0.18359375,
        0.18359375,
        0.81640625,
        0.81640625,
        0.81640625
      ],
      "minPos": {
        "x": -162,
        "y": -162,
        "z": 0
      },
      "maxPos": {
        "x": 162,
        "y": 162,
        "z": 0
      }
    },
    "texture": "1c2c2507-93af-424a-a7f4-26b2aaea1e40@6c48a",
    "packable": true,
    "pixelsToUnit": 100,
    "pivot": {
      "x": 0.5,
      "y": 0.5
    },
    "meshType": 0
  }
}