{
  "__type__": "cc.SpriteFrame",
  "content": {
    "name": "sword-png-24",
    "atlas": "",
    "rect": {
      "x": 28,
      "y": 24,
      "width": 745,
      "height": 214
    },
    "offset": {
      "x": -12,
      "y": 3
    },
    "originalSize": {
      "width": 825,
      "height": 268
    },
    "rotated": false,
    "capInsets": [
      0,
      0,
      0,
      0
    ],
    "vertices": {
      "rawPosition": [
        -372.5,
        -107,
        0,
        372.5,
        -107,
        0,
        -372.5,
        107,
        0,
        372.5,
        107,
        0
      ],
      "indexes": [
        0,
        1,
        2,
        2,
        1,
        3
      ],
      "uv": [
        28,
        244,
        773,
        244,
        28,
        30,
        773,
        30
      ],
      "nuv": [
        0.03393939393939394,
        0.11194029850746269,
        0.936969696969697,
        0.11194029850746269,
        0.03393939393939394,
        0.9104477611940298,
        0.936969696969697,
        0.9104477611940298
      ],
      "minPos": {
        "x": -372.5,
        "y": -107,
        "z": 0
      },
      "maxPos": {
        "x": 372.5,
        "y": 107,
        "z": 0
      }
    },
    "texture": "e9ae7ed3-234e-4a81-8ee2-c5a6ea6d575e@6c48a",
    "packable": true,
    "pixelsToUnit": 100,
    "pivot": {
      "x": 0.5,
      "y": 0.5
    },
    "meshType": 0
  }
}