{
  "__type__": "cc.SpriteFrame",
  "content": {
    "name": "Pointer",
    "atlas": "",
    "rect": {
      "x": 32,
      "y": 12,
      "width": 217,
      "height": 264
    },
    "offset": {
      "x": -0.5,
      "y": -3
    },
    "originalSize": {
      "width": 282,
      "height": 282
    },
    "rotated": false,
    "capInsets": [
      0,
      0,
      0,
      0
    ],
    "vertices": {
      "rawPosition": [
        -108.5,
        -132,
        0,
        108.5,
        -132,
        0,
        -108.5,
        132,
        0,
        108.5,
        132,
        0
      ],
      "indexes": [
        0,
        1,
        2,
        2,
        1,
        3
      ],
      "uv": [
        32,
        270,
        249,
        270,
        32,
        6,
        249,
        6
      ],
      "nuv": [
        0.11347517730496454,
        0.02127659574468085,
        0.8829787234042553,
        0.02127659574468085,
        0.11347517730496454,
        0.9574468085106383,
        0.8829787234042553,
        0.9574468085106383
      ],
      "minPos": {
        "x": -108.5,
        "y": -132,
        "z": 0
      },
      "maxPos": {
        "x": 108.5,
        "y": 132,
        "z": 0
      }
    },
    "texture": "79b2ced1-d79b-4951-bc2f-cbf5732bc4b8@6c48a",
    "packable": true,
    "pixelsToUnit": 100,
    "pivot": {
      "x": 0.5,
      "y": 0.5
    },
    "meshType": 0
  }
}