{
  "__type__": "cc.SpriteFrame",
  "content": {
    "name": "godray",
    "atlas": "",
    "rect": {
      "x": 2,
      "y": 0,
      "width": 514,
      "height": 507
    },
    "offset": {
      "x": -1,
      "y": 0
    },
    "originalSize": {
      "width": 520,
      "height": 507
    },
    "rotated": false,
    "capInsets": [
      0,
      0,
      0,
      0
    ],
    "vertices": {
      "rawPosition": [
        -257,
        -253.5,
        0,
        257,
        -253.5,
        0,
        -257,
        253.5,
        0,
        257,
        253.5,
        0
      ],
      "indexes": [
        0,
        1,
        2,
        2,
        1,
        3
      ],
      "uv": [
        2,
        507,
        516,
        507,
        2,
        0,
        516,
        0
      ],
      "nuv": [
        0.0038461538461538464,
        0,
        0.9923076923076923,
        0,
        0.0038461538461538464,
        1,
        0.9923076923076923,
        1
      ],
      "minPos": {
        "x": -257,
        "y": -253.5,
        "z": 0
      },
      "maxPos": {
        "x": 257,
        "y": 253.5,
        "z": 0
      }
    },
    "texture": "2f605507-e4dd-4455-800e-55ddafb1c9fa@6c48a",
    "packable": true,
    "pixelsToUnit": 100,
    "pivot": {
      "x": 0.5,
      "y": 0.5
    },
    "meshType": 0
  }
}