{
  "__version__": "1.0.0",
  "builder": {},
  "gizmos-infos": {
    "is2D": true,
    "is3DIcon": false,
    "iconSize": 2,
    "gridVisible": true,
    "gridColor": [
      166,
      166,
      166,
      255
    ],
    "transformToolName": "position",
    "pivot": "pivot",
    "coordinate": "local",
    "isIconGizmo3D": false,
    "iconGizmoSize": 2,
    "isGridVisible": true
  },
  "snap-configs": {
    "position": {
      "x": 1,
      "y": 1,
      "z": 1
    },
    "rotation": 1,
    "scale": 1,
    "isPositionSnapEnabled": false,
    "isRotationSnapEnabled": false,
    "isScaleSnapEnabled": false
  },
  "rect-snap-configs": {
    "enableSnapping": true,
    "snapThreshold": 4
  },
  "": {
    "sculpt_brush_rotate": 0
  },
  "camera-infos": {
    "f46876e4-e81b-4931-b493-6d367be385e7": {
      "position": {
        "x": 319.99999999999994,
        "y": 479.99999999999994,
        "z": 5000
      },
      "rotation": {
        "x": 0,
        "y": 0,
        "z": 0,
        "w": 1
      },
      "viewCenter": {
        "x": 0,
        "y": 0,
        "z": 0
      }
    },
    "9937e160-e0a5-4f40-a065-ff520ed961cf": {
      "position": {
        "x": 858.694181536785,
        "y": 858.6941815367853,
        "z": 858.6941815367852
      },
      "rotation": {
        "x": 0.27984814233312133,
        "y": -0.3647051996310009,
        "z": -0.11591689595929514,
        "w": -0.8804762392171493
      },
      "viewCenter": {
        "x": 0,
        "y": 0,
        "z": 0
      }
    },
    "9ao/jXaeZGw4yuJx6pRPUY": {
      "position": {
        "x": 2057.9759737589848,
        "y": 2057.975973758984,
        "z": 2057.975973758984
      },
      "rotation": {
        "x": -0.2667471650430675,
        "y": 0.3076596942072653,
        "z": 0.09029639194546123,
        "w": 0.908866340065095
      },
      "viewCenter": {
        "x": 236.25560934110104,
        "y": 131.5810419901477,
        "z": -324.48762647208014
      }
    },
    "78rDRw0n1LILyQtYFmdI/0": {
      "position": {
        "x": 501.9576972838876,
        "y": 925.3007434419393,
        "z": 1280.2448915894931
      },
      "rotation": {
        "x": -0.2612824367822993,
        "y": 0.046134699100823934,
        "z": 0.012503350764645618,
        "w": 0.9640781835295252
      },
      "viewCenter": {
        "x": 359.50795289938594,
        "y": 52.592426110485235,
        "z": -204.73522152181687
      }
    },
    "bdOlutOIxBrLv3ztClog07": {
      "position": {
        "x": 643.5783377939417,
        "y": 356.20543710805157,
        "z": 5000
      },
      "rotation": {
        "x": 0,
        "y": 0,
        "z": 0,
        "w": 1
      },
      "viewCenter": {
        "x": 0,
        "y": 0,
        "z": 0
      }
    },
    "ac94f3da-e6b6-4e66-8c7c-7814f8c860f1": {
      "position": {
        "x": 252.5562641996495,
        "y": 75.11713809497667,
        "z": -25.28608013019521
      },
      "rotation": {
        "x": -0.27632249187120184,
        "y": 0.3651642820238685,
        "z": 0.11445582781626953,
        "w": 0.8815899222988341
      },
      "viewCenter": {
        "x": 176.303,
        "y": 0.15100000000000002,
        "z": -101.54
      }
    },
    "7d5131b3-6c69-4fe2-ae0a-80f1ac43920c": {
      "position": {
        "x": 184.55333999039578,
        "y": 235.71115561846463,
        "z": 170.26190781745558
      },
      "rotation": {
        "x": 0.3374393187540445,
        "y": -0.37240297714052795,
        "z": -0.1475139708498922,
        "w": -0.851874613531695
      },
      "viewCenter": {
        "x": 0.424,
        "y": 0,
        "z": -0.09
      }
    },
    "8e1qVVyo9CdoAQW0vZaZgx": {
      "position": {
        "x": 0.5099151683846368,
        "y": 0.5099151683846365,
        "z": 0.5099151683846368
      },
      "rotation": {
        "x": 0.27984814233312133,
        "y": -0.3647051996310009,
        "z": -0.11591689595929514,
        "w": -0.8804762392171493
      },
      "viewCenter": {
        "x": 0,
        "y": 0,
        "z": 0
      }
    },
    "db6402f4-291e-4134-9163-e6f3249d74f8": {
      "position": {
        "x": 63.29929994727759,
        "y": 61.2190961701969,
        "z": 501.46169957696554
      },
      "rotation": {
        "x": -0.12980240825157852,
        "y": -0.1614348871284796,
        "z": -0.02142436184337072,
        "w": 0.9780752060805497
      },
      "viewCenter": {
        "x": 310.8216104491827,
        "y": -146.88946448326774,
        "z": -227.93485030936597
      }
    },
    "41fbd95a-88da-4654-a67f-bd4aaa9b18d4": {
      "position": {
        "x": 568.1453007089387,
        "y": 52.7613687502587,
        "z": -50.496216077020286
      },
      "rotation": {
        "x": -0.08557618510404284,
        "y": 0.7659701756077628,
        "z": 0.10428360293527564,
        "w": 0.6285629139265341
      },
      "viewCenter": {
        "x": 502.058,
        "y": 34.067,
        "z": -37.345
      }
    }
  },
  "camera-uuids": [
    "41fbd95a-88da-4654-a67f-bd4aaa9b18d4"
  ],
  "camera": {
    "fov": 45,
    "far": 10000,
    "near": 0.01,
    "color": [
      48,
      48,
      48,
      255
    ],
    "wheelSpeed": 0.01,
    "wanderSpeed": 10,
    "enableAcceleration": true,
    "far2D": 10000,
    "near2D": 1,
    "wheelSpeed2D": 6,
    "size": "__default_design__"
  },
  "float-window": {
    "position": {
      "cc": {
        "Camera": {
          "dock": false,
          "top": null,
          "bottom": 10,
          "left": null,
          "right": 10
        },
        "ParticleSystem": {
          "dock": false,
          "top": null,
          "bottom": 10,
          "left": null,
          "right": 10
        }
      }
    }
  },
  "scene": {
    "native": false
  }
}
